id,class
0dae94cbb6a5242fd4331565b406615a.jpg,1
0de5bee9fb10fbf0f2710000e8ad2213.jpg,1
113603c41fe7b5d7421e4969a2b2bfbe.jpg,1
017110f084e029eaee20aad780e4bfb6.jpg,1
12539a3f3f65612992ea29d7fa7cf7e1.jpg,1
01d1518a0f8af049b2f99535daa22a46.jpg,1
027127cd96e29818bfb11b44ee661c93.jpg,1
172094402505ca9d9a7fd5b9657d2d28.jpg,1
1d76f2234f6c054d7acdf053006c11c4.jpg,1
0358ade484085c944b3ac2bee8c309ac.jpg,1
0395467301b6a1b7612bed1e6f0138db.jpg,1
03aabe9c6cc8cba518d2dff937e8d3b7.jpg,1
04f1175d70f4e2d75c4266443c07a47b.jpg,1
05a39cf1f3fb6e0bf9bd34047e0ca6a8.jpg,1
0788735e9be940d54f798a7407e6a564.jpg,1
087262a763cce6adf95c72225ab3ab42.jpg,1
0b04bfd26cb05f848760fcde26de51e5.jpg,1
20b3dbed398da8353e2dba681ec61e3a.jpg,1
105fd1073c65c6d69a661f92ee025ba6.jpg,1
1072622b3b149f428725ba235cef407d.jpg,1
25f1321b942352924e01925aa0d4dbfb.jpg,1
1476ba158fad796fe495c12f73b389ca.jpg,1
135503b9972aa96b3d858648005fb0c2.jpg,1
2b1ccf873517f00163f5e9b89cd15cad.jpg,1
2f8a919365a5a346ad1809a806b99166.jpg,1
11a221557e09f457b84604d015021569.jpg,1
0db3c4afebb1114ddac9ccb2e6ca0827.jpg,1
35edb1881f4a34d87fbf9c28da3b562c.jpg,1
370d4593f5fc3405dfa5f3e5a4f7fcd8.jpg,1
3f9e2dc2f29ac3433789aeba3e986f96.jpg,1
584b32a1b2255b09484ec44ba2bc9cb7.jpg,1
6e3bfa3658681b065cbf269f8bb285dc.jpg,1
37eea83127b6f89c8dffea57b9d56928.jpg,1
39d62580004dfe83e77be3d122e53461.jpg,1
3d0a2ff13500965ae3e2dbbb0f7baa2d.jpg,1
3edf2f1cf6ccb40932d93b62bbbdb0ce.jpg,1
4180b5a09fb973b7e6cf4044f3e2460c.jpg,1
45de1362d6ac9812efa47f08735e7b0f.jpg,1
4bfffc8ce12a39174d280015dea7070d.jpg,1
133e202fad341a5c103a4b50af432e75.jpg,1
4e1bf6f1b0e3debac6f2b25a7b3b8361.jpg,1
5a0fc59bf72611d9d1bbc162c6a82b0f.jpg,1
12285e99341d8ea22d0fa62a5e40336e.jpg,1
5bb3b5561f5070a2ce9021324d57b95e.jpg,1
5e3d1ea73bf88d0ebdc1089aaf7fe921.jpg,1
6033619247051c0681b65b2b5db5f2e9.jpg,1
63d20666b61aea1531a2b60a04f1f51a.jpg,1
647a9985e4996c2522422bedf40cfca1.jpg,1
6d10a3b27e8eb8106955e241428643b8.jpg,1
7337b29f7e9ca2d53da986d5263911bf.jpg,1
774ae704b4d0b4f8c2e058cdfacfc1f4.jpg,1
78708a04d093139cbea110e79df8ce45.jpg,1
7ef730f98285bdae7c695fa6318526ee.jpg,1
8338b49cd703c616b0853aafdee905b9.jpg,1
902c0a5007e49cb4ba07a4e9d2ec767c.jpg,1
97dc5faf8d84befe22c894f39349b7bd.jpg,1
9b829ad3b5d3df076323c51d9273ef45.jpg,1
a258872dd1fedcb3e26d8b8172d2f4a5.jpg,1
b31a3cd5655ba6c31426fa5fb62896eb.jpg,1
bae1458075f552b59fb58a249de09e40.jpg,1
c2d99b8a9675b4c58c15c9ab37778b3b.jpg,1
c379c531a1e5779c30c2cd5cf36982d0.jpg,1
ca1cd6dedeb1423dbc38ec5e13c17bc9.jpg,1
d1a7c787c29b3740f18c6d0f37d55cc9.jpg,1
d2a638518efafb5c5921b64f2296ea8c.jpg,1
d5ef9f544ac38b73539abb0bc1c10cc4.jpg,1
d9159b96050f68f59b7639c898cd45a9.jpg,1
da72eb5c96122a11d4bf3f5866d126e5.jpg,1
dd8abb272bf6b1681c2c773a44390631.jpg,1
de2c325cde07da6551aa9ee5df3115aa.jpg,1
de22ce4205a9a43c7e8fb1b8676edad0.jpg,1
dfc09da3b43791adee75448e78930c0c.jpg,1
e02249d05439632e8ceb150e93a699fe.jpg,1
e17a64e9cf81a3347d61241019da9b84.jpg,1
e6b1cb846b7db3e026cd66565a555490.jpg,1
e809c60114b562d529d2570d153ef74e.jpg,1
ebcbf5f10149f47be8b314fb59b63efd.jpg,1
ed458e06a709907db15dd7d8ed55c57e.jpg,1
edfc62c4dc2898a18b9b53a2be0ceed8.jpg,1
f4ad680964788452594b9027c9d76902.jpg,1
1186d72e002ca8a225c0c0e51af830e1.jpg,1
15f1de40116da6f57d70ed2497f362fe.jpg,1
1c93222ad68ccea8a0361353c55ffbce.jpg,1
1d2fe8d8954416b158854a184a777b23.jpg,1
e4e5a2a35632155eff48aa6974636871.jpg,0
1e1feef11d64426241ac54c841e85309.jpg,0
00a7c4438e7c1b98a1625aff211bab50.jpg,0
01c0ecd07e79a574730d9c56ed1390e6.jpg,0
028ed0c5a79f6bec101a557c97bfe019.jpg,0
03040ea00ee587e3146dbafe80bff1f5.jpg,0
092fb2f91a41ea99520f8f762ed3c51a.jpg,0
117bb31f2f876d9b519e1504e949c286.jpg,0
0f22684db2f42e6c191971fc7691380a.jpg,0
321074bf0fe615aae02da6a1206beac7.jpg,0
1cef3ca7a7a44004b4d6606c6a07fa3f.jpg,0
79351785511afdc411f5c86d81dd4116.jpg,0
91d066f8b4ddb60da7e307847b5bce9c.jpg,0
06962b6b913c0efbb264e4531e0c630c.jpg,0
05dbc11bbdf04f04c2b0d9e32b75cfcb.jpg,0
114d9feedfa24141411224e27105dbce.jpg,0
07af6e551654de3d522a79f87801b288.jpg,0
00b0e9a0f1e5bcaf03873b64d713a170.jpg,0
17ac8ab02ae95dd92be8016bdd7715e5.jpg,0
181b4418233dbb26818405a29d9e455f.jpg,0
1d513d418104137d479392ca5e3714b3.jpg,0
0a3ba9fdff92b510734d31b3c6269caf.jpg,0
08ead7ee5dc2838da6e8bb111c7d3c11.jpg,0
112c7765123931e47974f0dddf807b4f.jpg,0
1596fc7dd8b19be0d0df6322dd356ce0.jpg,0
1cea1fa781cb9766f39dd2742208629a.jpg,0
21a89182cdf953c0cafaea9fe558e681.jpg,0
31acf1b22ee49b05d224d5518db4c001.jpg,0
3596eac0317335a575f0404794df6d7e.jpg,0
344d5b1d719233f8b2c99d56afccd4a1.jpg,0
38152cbea3fb7b2a2361c4d857f6c486.jpg,0
3c3d394005769f79b75a4864b25de550.jpg,0
3da491debe072217156878761135aba4.jpg,0
40959ee2846e075386a7ceb78e9cf3a4.jpg,0
438c4d584f366a0bef23c528d0a67343.jpg,0
4503aa3506a58e48656f77a079872964.jpg,0
48b445173e36764d27cfc62039ec7171.jpg,0
4d5d68b72a9d6c51c2c0854c47c14b33.jpg,0
4df83ca9da56205c97b6dd346d508a4e.jpg,0
52895ffe6e6df4b39df3c66a757d2cad.jpg,0
537f41866327e53e9475d0e1e1607797.jpg,0
5575884d37079c5ce6e28920ebb19780.jpg,0
591a8285e96c9fa4a76bbf66a9fca7c8.jpg,0
5a9f22e68901cab3ef8e15ed5c390fb3.jpg,0
5ad111cbb1a8685e33cdf1510a94206d.jpg,0
5ffab2c90122b6170df3ba0e98abbfb9.jpg,0
632af48dabca848485163cceda20940b.jpg,0
645187439752b00538d5b22e95799a7f.jpg,0
66e69a4cb8e590544fc3f047422856ad.jpg,0
709bb94d1d5eec9861a3ea7a55161363.jpg,0
73fc69716fdddd88981f14aad366d522.jpg,0
74364eef37894d0400f88bcade723e13.jpg,0
7634e20cfd0dfa56d1e1e57b10685e4e.jpg,0
7b0fd6458776a4c4daf54902b0c03b74.jpg,0
7d4402cad097d62e1c5daf8e510ec171.jpg,0
7e565c2e29cacf9e1fa02474687b360a.jpg,0
7f37ada2b485ce8c22d549097d4109b3.jpg,0
83551fb561f3fba913bd0680e40db609.jpg,0
85aee7ea0abeaf145dfd16eddce5431a.jpg,0
86c511b8a381293e7098d34a9aa7a428.jpg,0
8966667440e648f645974a009af0d789.jpg,0
8c060b435a12130744b421ca8eba1c57.jpg,0
8cf30846cee188852d4445338f371dad.jpg,0
8cff1ea5d88965c1f57bfa83076f2ee8.jpg,0
999e4a28b799619ce2b97904589fe77b.jpg,0
9d05761f802c0b00457b70e24d8815da.jpg,0
9e38aa41042ff6ed6106067917bb02fb.jpg,0
a2eac61eb1ffb507d8ec4e2a6f2c9b1d.jpg,0
a5ba63a2e752cb5de2bc08b24abdcc1e.jpg,0
b09a4c031a7b9e6ccbcb857c6738dc41.jpg,0
d14f5167536f7318879e1962646896d2.jpg,0
d44f7759763c2857c9a252cb3264aeae.jpg,0
dc19c7515f6cb3cad6feccef33881eae.jpg,0
e30f99c3323863d3857f9f32dd9f2d7e.jpg,0
e4c691c9a47f4bfe8c51e152aac4afef.jpg,0
e6165cdfbf385c340576a9afe6932f37.jpg,0
e675377b93c6dbd9a5d511fadea2a8fe.jpg,0
e6a3291c9dd1b08c18f3110125d6ce8d.jpg,0
ea18d7da931e59549459a341a653528e.jpg,0
eed6772139713e7e69a5c45229607057.jpg,0
7f28afbe4347e02f9bad2e459a8e568c.jpg,0
104b80a217925608f1cfddb55baecf67.jpg,0
3f5917f1c8bd6aec761380edea2bb27c.jpg,0
412f06ed109e4379243a036c88f52739.jpg,0
4902d660944503a67f458f203dc87aa7.jpg,0
4b7477e461e5948bd8a060292593eb08.jpg,0